target_keyword,state,credit_tier,recommended_solution,display_price,approval_reality,market_stat,compliance_note,lead_type
Freight Broker Bond Cost Alabama 750 Credit,Alabama,750-850,BMC-84 Surety Bond,"$938 - $1,125",Instant Approval,518 Brokers in Alabama,FMCSA Compliant,Surety Bond
Freight Broker Bond Cost Alabama 700 Credit,Alabama,700-749,BMC-84 Surety Bond,"$1,875 - $3,000",High (24hr Review),518 Brokers in Alabama,FMCSA Compliant,Surety Bond
Freight Broker Bond Cost Alabama 650 Credit,Alabama,650-699,BMC-84 Surety Bond (High Risk),"$3,750 - $5,625",Moderate (Manual Underwriting),518 Brokers in Alabama,Prepare 3 months bank statements.,Surety Bond
Freight Broker Bond Cost Alabama 600 Credit,Alabama,600-649,BMC-84 Surety Bond (Distressed),"$6,000 - $11,250",Low (Specialist Required),518 Brokers in Alabama,High Rejection Risk. Do not apply with standard carriers.,Surety Bond
Freight Broker Authority with 500 Credit in Alabama (Trust Fund Option),Alabama,500-599,BMC-85 Trust Fund (Financed),Bond Denied / Trust Fund Required,Guaranteed (Cash Funded),518 Brokers in Alabama,2026 FMCSA Update: Cash Assets Only,Trust Fund Finance
Freight Broker Bond Cost Alaska 750 Credit,Alaska,750-850,BMC-84 Surety Bond,"$938 - $1,125",Instant Approval,30 Brokers in Alaska,FMCSA Compliant,Surety Bond
Freight Broker Bond Cost Alaska 700 Credit,Alaska,700-749,BMC-84 Surety Bond,"$1,875 - $3,000",High (24hr Review),30 Brokers in Alaska,FMCSA Compliant,Surety Bond
Freight Broker Bond Cost Alaska 650 Credit,Alaska,650-699,BMC-84 Surety Bond (High Risk),"$3,750 - $5,625",Moderate (Manual Underwriting),30 Brokers in Alaska,Prepare 3 months bank statements.,Surety Bond
Freight Broker Bond Cost Alaska 600 Credit,Alaska,600-649,BMC-84 Surety Bond (Distressed),"$6,000 - $11,250",Low (Specialist Required),30 Brokers in Alaska,High Rejection Risk. Do not apply with standard carriers.,Surety Bond
Freight Broker Authority with 500 Credit in Alaska (Trust Fund Option),Alaska,500-599,BMC-85 Trust Fund (Financed),Bond Denied / Trust Fund Required,Guaranteed (Cash Funded),30 Brokers in Alaska,2026 FMCSA Update: Cash Assets Only,Trust Fund Finance
Freight Broker Bond Cost Arizona 750 Credit,Arizona,750-850,BMC-84 Surety Bond,"$938 - $1,125",Instant Approval,490 Brokers in Arizona,FMCSA Compliant,Surety Bond
Freight Broker Bond Cost Arizona 700 Credit,Arizona,700-749,BMC-84 Surety Bond,"$1,875 - $3,000",High (24hr Review),490 Brokers in Arizona,FMCSA Compliant,Surety Bond
Freight Broker Bond Cost Arizona 650 Credit,Arizona,650-699,BMC-84 Surety Bond (High Risk),"$3,750 - $5,625",Moderate (Manual Underwriting),490 Brokers in Arizona,Prepare 3 months bank statements.,Surety Bond
Freight Broker Bond Cost Arizona 600 Credit,Arizona,600-649,BMC-84 Surety Bond (Distressed),"$6,000 - $11,250",Low (Specialist Required),490 Brokers in Arizona,High Rejection Risk. Do not apply with standard carriers.,Surety Bond
Freight Broker Authority with 500 Credit in Arizona (Trust Fund Option),Arizona,500-599,BMC-85 Trust Fund (Financed),Bond Denied / Trust Fund Required,Guaranteed (Cash Funded),490 Brokers in Arizona,2026 FMCSA Update: Cash Assets Only,Trust Fund Finance
Freight Broker Bond Cost Arkansas 750 Credit,Arkansas,750-850,BMC-84 Surety Bond,"$938 - $1,125",Instant Approval,336 Brokers in Arkansas,FMCSA Compliant,Surety Bond
Freight Broker Bond Cost Arkansas 700 Credit,Arkansas,700-749,BMC-84 Surety Bond,"$1,875 - $3,000",High (24hr Review),336 Brokers in Arkansas,FMCSA Compliant,Surety Bond
Freight Broker Bond Cost Arkansas 650 Credit,Arkansas,650-699,BMC-84 Surety Bond (High Risk),"$3,750 - $5,625",Moderate (Manual Underwriting),336 Brokers in Arkansas,Prepare 3 months bank statements.,Surety Bond
Freight Broker Bond Cost Arkansas 600 Credit,Arkansas,600-649,BMC-84 Surety Bond (Distressed),"$6,000 - $11,250",Low (Specialist Required),336 Brokers in Arkansas,High Rejection Risk. Do not apply with standard carriers.,Surety Bond
Freight Broker Authority with 500 Credit in Arkansas (Trust Fund Option),Arkansas,500-599,BMC-85 Trust Fund (Financed),Bond Denied / Trust Fund Required,Guaranteed (Cash Funded),336 Brokers in Arkansas,2026 FMCSA Update: Cash Assets Only,Trust Fund Finance
Freight Broker Bond Cost California 750 Credit,California,750-850,BMC-84 Surety Bond,"$938 - $1,125",Instant Approval,"3,079 Brokers in California",FMCSA Compliant,Surety Bond
Freight Broker Bond Cost California 700 Credit,California,700-749,BMC-84 Surety Bond,"$1,875 - $3,000",High (24hr Review),"3,079 Brokers in California",FMCSA Compliant,Surety Bond
Freight Broker Bond Cost California 650 Credit,California,650-699,BMC-84 Surety Bond (High Risk),"$3,750 - $5,625",Moderate (Manual Underwriting),"3,079 Brokers in California",Prepare 3 months bank statements.,Surety Bond
Freight Broker Bond Cost California 600 Credit,California,600-649,BMC-84 Surety Bond (Distressed),"$6,000 - $11,250",Low (Specialist Required),"3,079 Brokers in California",High Rejection Risk. Do not apply with standard carriers.,Surety Bond
Freight Broker Authority with 500 Credit in California (Trust Fund Option),California,500-599,BMC-85 Trust Fund (Financed),Bond Denied / Trust Fund Required,Guaranteed (Cash Funded),"3,079 Brokers in California",2026 FMCSA Update: Cash Assets Only,Trust Fund Finance
Freight Broker Bond Cost Colorado 750 Credit,Colorado,750-850,BMC-84 Surety Bond,"$938 - $1,125",Instant Approval,541 Brokers in Colorado,FMCSA Compliant,Surety Bond
Freight Broker Bond Cost Colorado 700 Credit,Colorado,700-749,BMC-84 Surety Bond,"$1,875 - $3,000",High (24hr Review),541 Brokers in Colorado,FMCSA Compliant,Surety Bond
Freight Broker Bond Cost Colorado 650 Credit,Colorado,650-699,BMC-84 Surety Bond (High Risk),"$3,750 - $5,625",Moderate (Manual Underwriting),541 Brokers in Colorado,Prepare 3 months bank statements.,Surety Bond
Freight Broker Bond Cost Colorado 600 Credit,Colorado,600-649,BMC-84 Surety Bond (Distressed),"$6,000 - $11,250",Low (Specialist Required),541 Brokers in Colorado,High Rejection Risk. Do not apply with standard carriers.,Surety Bond
Freight Broker Authority with 500 Credit in Colorado (Trust Fund Option),Colorado,500-599,BMC-85 Trust Fund (Financed),Bond Denied / Trust Fund Required,Guaranteed (Cash Funded),541 Brokers in Colorado,2026 FMCSA Update: Cash Assets Only,Trust Fund Finance
Freight Broker Bond Cost Connecticut 750 Credit,Connecticut,750-850,BMC-84 Surety Bond,"$938 - $1,125",Instant Approval,101 Brokers in Connecticut,FMCSA Compliant,Surety Bond
Freight Broker Bond Cost Connecticut 700 Credit,Connecticut,700-749,BMC-84 Surety Bond,"$1,875 - $3,000",High (24hr Review),101 Brokers in Connecticut,FMCSA Compliant,Surety Bond
Freight Broker Bond Cost Connecticut 650 Credit,Connecticut,650-699,BMC-84 Surety Bond (High Risk),"$3,750 - $5,625",Moderate (Manual Underwriting),101 Brokers in Connecticut,Prepare 3 months bank statements.,Surety Bond
Freight Broker Bond Cost Connecticut 600 Credit,Connecticut,600-649,BMC-84 Surety Bond (Distressed),"$6,000 - $11,250",Low (Specialist Required),101 Brokers in Connecticut,High Rejection Risk. Do not apply with standard carriers.,Surety Bond
Freight Broker Authority with 500 Credit in Connecticut (Trust Fund Option),Connecticut,500-599,BMC-85 Trust Fund (Financed),Bond Denied / Trust Fund Required,Guaranteed (Cash Funded),101 Brokers in Connecticut,2026 FMCSA Update: Cash Assets Only,Trust Fund Finance
Freight Broker Bond Cost Delaware 750 Credit,Delaware,750-850,BMC-84 Surety Bond,"$938 - $1,125",Instant Approval,307 Brokers in Delaware,FMCSA Compliant,Surety Bond
Freight Broker Bond Cost Delaware 700 Credit,Delaware,700-749,BMC-84 Surety Bond,"$1,875 - $3,000",High (24hr Review),307 Brokers in Delaware,FMCSA Compliant,Surety Bond
Freight Broker Bond Cost Delaware 650 Credit,Delaware,650-699,BMC-84 Surety Bond (High Risk),"$3,750 - $5,625",Moderate (Manual Underwriting),307 Brokers in Delaware,Prepare 3 months bank statements.,Surety Bond
Freight Broker Bond Cost Delaware 600 Credit,Delaware,600-649,BMC-84 Surety Bond (Distressed),"$6,000 - $11,250",Low (Specialist Required),307 Brokers in Delaware,High Rejection Risk. Do not apply with standard carriers.,Surety Bond
Freight Broker Authority with 500 Credit in Delaware (Trust Fund Option),Delaware,500-599,BMC-85 Trust Fund (Financed),Bond Denied / Trust Fund Required,Guaranteed (Cash Funded),307 Brokers in Delaware,2026 FMCSA Update: Cash Assets Only,Trust Fund Finance
Freight Broker Bond Cost District of Columbia 750 Credit,District of Columbia,750-850,BMC-84 Surety Bond,"$938 - $1,125",Instant Approval,28 Brokers in District of Columbia,FMCSA Compliant,Surety Bond
Freight Broker Bond Cost District of Columbia 700 Credit,District of Columbia,700-749,BMC-84 Surety Bond,"$1,875 - $3,000",High (24hr Review),28 Brokers in District of Columbia,FMCSA Compliant,Surety Bond
Freight Broker Bond Cost District of Columbia 650 Credit,District of Columbia,650-699,BMC-84 Surety Bond (High Risk),"$3,750 - $5,625",Moderate (Manual Underwriting),28 Brokers in District of Columbia,Prepare 3 months bank statements.,Surety Bond
Freight Broker Bond Cost District of Columbia 600 Credit,District of Columbia,600-649,BMC-84 Surety Bond (Distressed),"$6,000 - $11,250",Low (Specialist Required),28 Brokers in District of Columbia,High Rejection Risk. Do not apply with standard carriers.,Surety Bond
Freight Broker Authority with 500 Credit in District of Columbia (Trust Fund Option),District of Columbia,500-599,BMC-85 Trust Fund (Financed),Bond Denied / Trust Fund Required,Guaranteed (Cash Funded),28 Brokers in District of Columbia,2026 FMCSA Update: Cash Assets Only,Trust Fund Finance
Freight Broker Bond Cost Florida 750 Credit,Florida,750-850,BMC-84 Surety Bond,"$938 - $1,125",Instant Approval,"2,709 Brokers in Florida",FMCSA Compliant,Surety Bond
Freight Broker Bond Cost Florida 700 Credit,Florida,700-749,BMC-84 Surety Bond,"$1,875 - $3,000",High (24hr Review),"2,709 Brokers in Florida",FMCSA Compliant,Surety Bond
Freight Broker Bond Cost Florida 650 Credit,Florida,650-699,BMC-84 Surety Bond (High Risk),"$3,750 - $5,625",Moderate (Manual Underwriting),"2,709 Brokers in Florida",Prepare 3 months bank statements.,Surety Bond
Freight Broker Bond Cost Florida 600 Credit,Florida,600-649,BMC-84 Surety Bond (Distressed),"$6,000 - $11,250",Low (Specialist Required),"2,709 Brokers in Florida",High Rejection Risk. Do not apply with standard carriers.,Surety Bond
Freight Broker Authority with 500 Credit in Florida (Trust Fund Option),Florida,500-599,BMC-85 Trust Fund (Financed),Bond Denied / Trust Fund Required,Guaranteed (Cash Funded),"2,709 Brokers in Florida",2026 FMCSA Update: Cash Assets Only,Trust Fund Finance
Freight Broker Bond Cost Georgia 750 Credit,Georgia,750-850,BMC-84 Surety Bond,"$938 - $1,125",Instant Approval,"1,601 Brokers in Georgia",FMCSA Compliant,Surety Bond
Freight Broker Bond Cost Georgia 700 Credit,Georgia,700-749,BMC-84 Surety Bond,"$1,875 - $3,000",High (24hr Review),"1,601 Brokers in Georgia",FMCSA Compliant,Surety Bond
Freight Broker Bond Cost Georgia 650 Credit,Georgia,650-699,BMC-84 Surety Bond (High Risk),"$3,750 - $5,625",Moderate (Manual Underwriting),"1,601 Brokers in Georgia",Prepare 3 months bank statements.,Surety Bond
Freight Broker Bond Cost Georgia 600 Credit,Georgia,600-649,BMC-84 Surety Bond (Distressed),"$6,000 - $11,250",Low (Specialist Required),"1,601 Brokers in Georgia",High Rejection Risk. Do not apply with standard carriers.,Surety Bond
Freight Broker Authority with 500 Credit in Georgia (Trust Fund Option),Georgia,500-599,BMC-85 Trust Fund (Financed),Bond Denied / Trust Fund Required,Guaranteed (Cash Funded),"1,601 Brokers in Georgia",2026 FMCSA Update: Cash Assets Only,Trust Fund Finance
Freight Broker Bond Cost Guam 750 Credit,Guam,750-850,BMC-84 Surety Bond,"$938 - $1,125",Instant Approval,2 Brokers in Guam,FMCSA Compliant,Surety Bond
Freight Broker Bond Cost Guam 700 Credit,Guam,700-749,BMC-84 Surety Bond,"$1,875 - $3,000",High (24hr Review),2 Brokers in Guam,FMCSA Compliant,Surety Bond
Freight Broker Bond Cost Guam 650 Credit,Guam,650-699,BMC-84 Surety Bond (High Risk),"$3,750 - $5,625",Moderate (Manual Underwriting),2 Brokers in Guam,Prepare 3 months bank statements.,Surety Bond
Freight Broker Bond Cost Guam 600 Credit,Guam,600-649,BMC-84 Surety Bond (Distressed),"$6,000 - $11,250",Low (Specialist Required),2 Brokers in Guam,High Rejection Risk. Do not apply with standard carriers.,Surety Bond
Freight Broker Authority with 500 Credit in Guam (Trust Fund Option),Guam,500-599,BMC-85 Trust Fund (Financed),Bond Denied / Trust Fund Required,Guaranteed (Cash Funded),2 Brokers in Guam,2026 FMCSA Update: Cash Assets Only,Trust Fund Finance
Freight Broker Bond Cost Hawaii 750 Credit,Hawaii,750-850,BMC-84 Surety Bond,"$938 - $1,125",Instant Approval,15 Brokers in Hawaii,FMCSA Compliant,Surety Bond
Freight Broker Bond Cost Hawaii 700 Credit,Hawaii,700-749,BMC-84 Surety Bond,"$1,875 - $3,000",High (24hr Review),15 Brokers in Hawaii,FMCSA Compliant,Surety Bond
Freight Broker Bond Cost Hawaii 650 Credit,Hawaii,650-699,BMC-84 Surety Bond (High Risk),"$3,750 - $5,625",Moderate (Manual Underwriting),15 Brokers in Hawaii,Prepare 3 months bank statements.,Surety Bond
Freight Broker Bond Cost Hawaii 600 Credit,Hawaii,600-649,BMC-84 Surety Bond (Distressed),"$6,000 - $11,250",Low (Specialist Required),15 Brokers in Hawaii,High Rejection Risk. Do not apply with standard carriers.,Surety Bond
Freight Broker Authority with 500 Credit in Hawaii (Trust Fund Option),Hawaii,500-599,BMC-85 Trust Fund (Financed),Bond Denied / Trust Fund Required,Guaranteed (Cash Funded),15 Brokers in Hawaii,2026 FMCSA Update: Cash Assets Only,Trust Fund Finance
Freight Broker Bond Cost Idaho 750 Credit,Idaho,750-850,BMC-84 Surety Bond,"$938 - $1,125",Instant Approval,267 Brokers in Idaho,FMCSA Compliant,Surety Bond
Freight Broker Bond Cost Idaho 700 Credit,Idaho,700-749,BMC-84 Surety Bond,"$1,875 - $3,000",High (24hr Review),267 Brokers in Idaho,FMCSA Compliant,Surety Bond
Freight Broker Bond Cost Idaho 650 Credit,Idaho,650-699,BMC-84 Surety Bond (High Risk),"$3,750 - $5,625",Moderate (Manual Underwriting),267 Brokers in Idaho,Prepare 3 months bank statements.,Surety Bond
Freight Broker Bond Cost Idaho 600 Credit,Idaho,600-649,BMC-84 Surety Bond (Distressed),"$6,000 - $11,250",Low (Specialist Required),267 Brokers in Idaho,High Rejection Risk. Do not apply with standard carriers.,Surety Bond
Freight Broker Authority with 500 Credit in Idaho (Trust Fund Option),Idaho,500-599,BMC-85 Trust Fund (Financed),Bond Denied / Trust Fund Required,Guaranteed (Cash Funded),267 Brokers in Idaho,2026 FMCSA Update: Cash Assets Only,Trust Fund Finance
Freight Broker Bond Cost Illinois 750 Credit,Illinois,750-850,BMC-84 Surety Bond,"$938 - $1,125",Instant Approval,"2,047 Brokers in Illinois",FMCSA Compliant,Surety Bond
Freight Broker Bond Cost Illinois 700 Credit,Illinois,700-749,BMC-84 Surety Bond,"$1,875 - $3,000",High (24hr Review),"2,047 Brokers in Illinois",FMCSA Compliant,Surety Bond
Freight Broker Bond Cost Illinois 650 Credit,Illinois,650-699,BMC-84 Surety Bond (High Risk),"$3,750 - $5,625",Moderate (Manual Underwriting),"2,047 Brokers in Illinois",Prepare 3 months bank statements.,Surety Bond
Freight Broker Bond Cost Illinois 600 Credit,Illinois,600-649,BMC-84 Surety Bond (Distressed),"$6,000 - $11,250",Low (Specialist Required),"2,047 Brokers in Illinois",High Rejection Risk. Do not apply with standard carriers.,Surety Bond
Freight Broker Authority with 500 Credit in Illinois (Trust Fund Option),Illinois,500-599,BMC-85 Trust Fund (Financed),Bond Denied / Trust Fund Required,Guaranteed (Cash Funded),"2,047 Brokers in Illinois",2026 FMCSA Update: Cash Assets Only,Trust Fund Finance
Freight Broker Bond Cost Indiana 750 Credit,Indiana,750-850,BMC-84 Surety Bond,"$938 - $1,125",Instant Approval,930 Brokers in Indiana,FMCSA Compliant,Surety Bond
Freight Broker Bond Cost Indiana 700 Credit,Indiana,700-749,BMC-84 Surety Bond,"$1,875 - $3,000",High (24hr Review),930 Brokers in Indiana,FMCSA Compliant,Surety Bond
Freight Broker Bond Cost Indiana 650 Credit,Indiana,650-699,BMC-84 Surety Bond (High Risk),"$3,750 - $5,625",Moderate (Manual Underwriting),930 Brokers in Indiana,Prepare 3 months bank statements.,Surety Bond
Freight Broker Bond Cost Indiana 600 Credit,Indiana,600-649,BMC-84 Surety Bond (Distressed),"$6,000 - $11,250",Low (Specialist Required),930 Brokers in Indiana,High Rejection Risk. Do not apply with standard carriers.,Surety Bond
Freight Broker Authority with 500 Credit in Indiana (Trust Fund Option),Indiana,500-599,BMC-85 Trust Fund (Financed),Bond Denied / Trust Fund Required,Guaranteed (Cash Funded),930 Brokers in Indiana,2026 FMCSA Update: Cash Assets Only,Trust Fund Finance
Freight Broker Bond Cost Iowa 750 Credit,Iowa,750-850,BMC-84 Surety Bond,"$938 - $1,125",Instant Approval,604 Brokers in Iowa,FMCSA Compliant,Surety Bond
Freight Broker Bond Cost Iowa 700 Credit,Iowa,700-749,BMC-84 Surety Bond,"$1,875 - $3,000",High (24hr Review),604 Brokers in Iowa,FMCSA Compliant,Surety Bond
Freight Broker Bond Cost Iowa 650 Credit,Iowa,650-699,BMC-84 Surety Bond (High Risk),"$3,750 - $5,625",Moderate (Manual Underwriting),604 Brokers in Iowa,Prepare 3 months bank statements.,Surety Bond
Freight Broker Bond Cost Iowa 600 Credit,Iowa,600-649,BMC-84 Surety Bond (Distressed),"$6,000 - $11,250",Low (Specialist Required),604 Brokers in Iowa,High Rejection Risk. Do not apply with standard carriers.,Surety Bond
Freight Broker Authority with 500 Credit in Iowa (Trust Fund Option),Iowa,500-599,BMC-85 Trust Fund (Financed),Bond Denied / Trust Fund Required,Guaranteed (Cash Funded),604 Brokers in Iowa,2026 FMCSA Update: Cash Assets Only,Trust Fund Finance
Freight Broker Bond Cost Kansas 750 Credit,Kansas,750-850,BMC-84 Surety Bond,"$938 - $1,125",Instant Approval,288 Brokers in Kansas,FMCSA Compliant,Surety Bond
Freight Broker Bond Cost Kansas 700 Credit,Kansas,700-749,BMC-84 Surety Bond,"$1,875 - $3,000",High (24hr Review),288 Brokers in Kansas,FMCSA Compliant,Surety Bond
Freight Broker Bond Cost Kansas 650 Credit,Kansas,650-699,BMC-84 Surety Bond (High Risk),"$3,750 - $5,625",Moderate (Manual Underwriting),288 Brokers in Kansas,Prepare 3 months bank statements.,Surety Bond
Freight Broker Bond Cost Kansas 600 Credit,Kansas,600-649,BMC-84 Surety Bond (Distressed),"$6,000 - $11,250",Low (Specialist Required),288 Brokers in Kansas,High Rejection Risk. Do not apply with standard carriers.,Surety Bond
Freight Broker Authority with 500 Credit in Kansas (Trust Fund Option),Kansas,500-599,BMC-85 Trust Fund (Financed),Bond Denied / Trust Fund Required,Guaranteed (Cash Funded),288 Brokers in Kansas,2026 FMCSA Update: Cash Assets Only,Trust Fund Finance
Freight Broker Bond Cost Kentucky 750 Credit,Kentucky,750-850,BMC-84 Surety Bond,"$938 - $1,125",Instant Approval,222 Brokers in Kentucky,FMCSA Compliant,Surety Bond
Freight Broker Bond Cost Kentucky 700 Credit,Kentucky,700-749,BMC-84 Surety Bond,"$1,875 - $3,000",High (24hr Review),222 Brokers in Kentucky,FMCSA Compliant,Surety Bond
Freight Broker Bond Cost Kentucky 650 Credit,Kentucky,650-699,BMC-84 Surety Bond (High Risk),"$3,750 - $5,625",Moderate (Manual Underwriting),222 Brokers in Kentucky,Prepare 3 months bank statements.,Surety Bond
Freight Broker Bond Cost Kentucky 600 Credit,Kentucky,600-649,BMC-84 Surety Bond (Distressed),"$6,000 - $11,250",Low (Specialist Required),222 Brokers in Kentucky,High Rejection Risk. Do not apply with standard carriers.,Surety Bond
Freight Broker Authority with 500 Credit in Kentucky (Trust Fund Option),Kentucky,500-599,BMC-85 Trust Fund (Financed),Bond Denied / Trust Fund Required,Guaranteed (Cash Funded),222 Brokers in Kentucky,2026 FMCSA Update: Cash Assets Only,Trust Fund Finance
Freight Broker Bond Cost Louisiana 750 Credit,Louisiana,750-850,BMC-84 Surety Bond,"$938 - $1,125",Instant Approval,245 Brokers in Louisiana,FMCSA Compliant,Surety Bond
Freight Broker Bond Cost Louisiana 700 Credit,Louisiana,700-749,BMC-84 Surety Bond,"$1,875 - $3,000",High (24hr Review),245 Brokers in Louisiana,FMCSA Compliant,Surety Bond
Freight Broker Bond Cost Louisiana 650 Credit,Louisiana,650-699,BMC-84 Surety Bond (High Risk),"$3,750 - $5,625",Moderate (Manual Underwriting),245 Brokers in Louisiana,Prepare 3 months bank statements.,Surety Bond
Freight Broker Bond Cost Louisiana 600 Credit,Louisiana,600-649,BMC-84 Surety Bond (Distressed),"$6,000 - $11,250",Low (Specialist Required),245 Brokers in Louisiana,High Rejection Risk. Do not apply with standard carriers.,Surety Bond
Freight Broker Authority with 500 Credit in Louisiana (Trust Fund Option),Louisiana,500-599,BMC-85 Trust Fund (Financed),Bond Denied / Trust Fund Required,Guaranteed (Cash Funded),245 Brokers in Louisiana,2026 FMCSA Update: Cash Assets Only,Trust Fund Finance
Freight Broker Bond Cost Maine 750 Credit,Maine,750-850,BMC-84 Surety Bond,"$938 - $1,125",Instant Approval,57 Brokers in Maine,FMCSA Compliant,Surety Bond
Freight Broker Bond Cost Maine 700 Credit,Maine,700-749,BMC-84 Surety Bond,"$1,875 - $3,000",High (24hr Review),57 Brokers in Maine,FMCSA Compliant,Surety Bond
Freight Broker Bond Cost Maine 650 Credit,Maine,650-699,BMC-84 Surety Bond (High Risk),"$3,750 - $5,625",Moderate (Manual Underwriting),57 Brokers in Maine,Prepare 3 months bank statements.,Surety Bond
Freight Broker Bond Cost Maine 600 Credit,Maine,600-649,BMC-84 Surety Bond (Distressed),"$6,000 - $11,250",Low (Specialist Required),57 Brokers in Maine,High Rejection Risk. Do not apply with standard carriers.,Surety Bond
Freight Broker Authority with 500 Credit in Maine (Trust Fund Option),Maine,500-599,BMC-85 Trust Fund (Financed),Bond Denied / Trust Fund Required,Guaranteed (Cash Funded),57 Brokers in Maine,2026 FMCSA Update: Cash Assets Only,Trust Fund Finance
Freight Broker Bond Cost Maryland 750 Credit,Maryland,750-850,BMC-84 Surety Bond,"$938 - $1,125",Instant Approval,246 Brokers in Maryland,FMCSA Compliant,Surety Bond
Freight Broker Bond Cost Maryland 700 Credit,Maryland,700-749,BMC-84 Surety Bond,"$1,875 - $3,000",High (24hr Review),246 Brokers in Maryland,FMCSA Compliant,Surety Bond
Freight Broker Bond Cost Maryland 650 Credit,Maryland,650-699,BMC-84 Surety Bond (High Risk),"$3,750 - $5,625",Moderate (Manual Underwriting),246 Brokers in Maryland,Prepare 3 months bank statements.,Surety Bond
Freight Broker Bond Cost Maryland 600 Credit,Maryland,600-649,BMC-84 Surety Bond (Distressed),"$6,000 - $11,250",Low (Specialist Required),246 Brokers in Maryland,High Rejection Risk. Do not apply with standard carriers.,Surety Bond
Freight Broker Authority with 500 Credit in Maryland (Trust Fund Option),Maryland,500-599,BMC-85 Trust Fund (Financed),Bond Denied / Trust Fund Required,Guaranteed (Cash Funded),246 Brokers in Maryland,2026 FMCSA Update: Cash Assets Only,Trust Fund Finance
Freight Broker Bond Cost Massachusetts 750 Credit,Massachusetts,750-850,BMC-84 Surety Bond,"$938 - $1,125",Instant Approval,152 Brokers in Massachusetts,FMCSA Compliant,Surety Bond
Freight Broker Bond Cost Massachusetts 700 Credit,Massachusetts,700-749,BMC-84 Surety Bond,"$1,875 - $3,000",High (24hr Review),152 Brokers in Massachusetts,FMCSA Compliant,Surety Bond
Freight Broker Bond Cost Massachusetts 650 Credit,Massachusetts,650-699,BMC-84 Surety Bond (High Risk),"$3,750 - $5,625",Moderate (Manual Underwriting),152 Brokers in Massachusetts,Prepare 3 months bank statements.,Surety Bond
Freight Broker Bond Cost Massachusetts 600 Credit,Massachusetts,600-649,BMC-84 Surety Bond (Distressed),"$6,000 - $11,250",Low (Specialist Required),152 Brokers in Massachusetts,High Rejection Risk. Do not apply with standard carriers.,Surety Bond
Freight Broker Authority with 500 Credit in Massachusetts (Trust Fund Option),Massachusetts,500-599,BMC-85 Trust Fund (Financed),Bond Denied / Trust Fund Required,Guaranteed (Cash Funded),152 Brokers in Massachusetts,2026 FMCSA Update: Cash Assets Only,Trust Fund Finance
Freight Broker Bond Cost Michigan 750 Credit,Michigan,750-850,BMC-84 Surety Bond,"$938 - $1,125",Instant Approval,791 Brokers in Michigan,FMCSA Compliant,Surety Bond
Freight Broker Bond Cost Michigan 700 Credit,Michigan,700-749,BMC-84 Surety Bond,"$1,875 - $3,000",High (24hr Review),791 Brokers in Michigan,FMCSA Compliant,Surety Bond
Freight Broker Bond Cost Michigan 650 Credit,Michigan,650-699,BMC-84 Surety Bond (High Risk),"$3,750 - $5,625",Moderate (Manual Underwriting),791 Brokers in Michigan,Prepare 3 months bank statements.,Surety Bond
Freight Broker Bond Cost Michigan 600 Credit,Michigan,600-649,BMC-84 Surety Bond (Distressed),"$6,000 - $11,250",Low (Specialist Required),791 Brokers in Michigan,High Rejection Risk. Do not apply with standard carriers.,Surety Bond
Freight Broker Authority with 500 Credit in Michigan (Trust Fund Option),Michigan,500-599,BMC-85 Trust Fund (Financed),Bond Denied / Trust Fund Required,Guaranteed (Cash Funded),791 Brokers in Michigan,2026 FMCSA Update: Cash Assets Only,Trust Fund Finance
Freight Broker Bond Cost Minnesota 750 Credit,Minnesota,750-850,BMC-84 Surety Bond,"$938 - $1,125",Instant Approval,510 Brokers in Minnesota,FMCSA Compliant,Surety Bond
Freight Broker Bond Cost Minnesota 700 Credit,Minnesota,700-749,BMC-84 Surety Bond,"$1,875 - $3,000",High (24hr Review),510 Brokers in Minnesota,FMCSA Compliant,Surety Bond
Freight Broker Bond Cost Minnesota 650 Credit,Minnesota,650-699,BMC-84 Surety Bond (High Risk),"$3,750 - $5,625",Moderate (Manual Underwriting),510 Brokers in Minnesota,Prepare 3 months bank statements.,Surety Bond
Freight Broker Bond Cost Minnesota 600 Credit,Minnesota,600-649,BMC-84 Surety Bond (Distressed),"$6,000 - $11,250",Low (Specialist Required),510 Brokers in Minnesota,High Rejection Risk. Do not apply with standard carriers.,Surety Bond
Freight Broker Authority with 500 Credit in Minnesota (Trust Fund Option),Minnesota,500-599,BMC-85 Trust Fund (Financed),Bond Denied / Trust Fund Required,Guaranteed (Cash Funded),510 Brokers in Minnesota,2026 FMCSA Update: Cash Assets Only,Trust Fund Finance
Freight Broker Bond Cost Mississippi 750 Credit,Mississippi,750-850,BMC-84 Surety Bond,"$938 - $1,125",Instant Approval,180 Brokers in Mississippi,FMCSA Compliant,Surety Bond
Freight Broker Bond Cost Mississippi 700 Credit,Mississippi,700-749,BMC-84 Surety Bond,"$1,875 - $3,000",High (24hr Review),180 Brokers in Mississippi,FMCSA Compliant,Surety Bond
Freight Broker Bond Cost Mississippi 650 Credit,Mississippi,650-699,BMC-84 Surety Bond (High Risk),"$3,750 - $5,625",Moderate (Manual Underwriting),180 Brokers in Mississippi,Prepare 3 months bank statements.,Surety Bond
Freight Broker Bond Cost Mississippi 600 Credit,Mississippi,600-649,BMC-84 Surety Bond (Distressed),"$6,000 - $11,250",Low (Specialist Required),180 Brokers in Mississippi,High Rejection Risk. Do not apply with standard carriers.,Surety Bond
Freight Broker Authority with 500 Credit in Mississippi (Trust Fund Option),Mississippi,500-599,BMC-85 Trust Fund (Financed),Bond Denied / Trust Fund Required,Guaranteed (Cash Funded),180 Brokers in Mississippi,2026 FMCSA Update: Cash Assets Only,Trust Fund Finance
Freight Broker Bond Cost Missouri 750 Credit,Missouri,750-850,BMC-84 Surety Bond,"$938 - $1,125",Instant Approval,540 Brokers in Missouri,FMCSA Compliant,Surety Bond
Freight Broker Bond Cost Missouri 700 Credit,Missouri,700-749,BMC-84 Surety Bond,"$1,875 - $3,000",High (24hr Review),540 Brokers in Missouri,FMCSA Compliant,Surety Bond
Freight Broker Bond Cost Missouri 650 Credit,Missouri,650-699,BMC-84 Surety Bond (High Risk),"$3,750 - $5,625",Moderate (Manual Underwriting),540 Brokers in Missouri,Prepare 3 months bank statements.,Surety Bond
Freight Broker Bond Cost Missouri 600 Credit,Missouri,600-649,BMC-84 Surety Bond (Distressed),"$6,000 - $11,250",Low (Specialist Required),540 Brokers in Missouri,High Rejection Risk. Do not apply with standard carriers.,Surety Bond
Freight Broker Authority with 500 Credit in Missouri (Trust Fund Option),Missouri,500-599,BMC-85 Trust Fund (Financed),Bond Denied / Trust Fund Required,Guaranteed (Cash Funded),540 Brokers in Missouri,2026 FMCSA Update: Cash Assets Only,Trust Fund Finance
Freight Broker Bond Cost Montana 750 Credit,Montana,750-850,BMC-84 Surety Bond,"$938 - $1,125",Instant Approval,60 Brokers in Montana,FMCSA Compliant,Surety Bond
Freight Broker Bond Cost Montana 700 Credit,Montana,700-749,BMC-84 Surety Bond,"$1,875 - $3,000",High (24hr Review),60 Brokers in Montana,FMCSA Compliant,Surety Bond
Freight Broker Bond Cost Montana 650 Credit,Montana,650-699,BMC-84 Surety Bond (High Risk),"$3,750 - $5,625",Moderate (Manual Underwriting),60 Brokers in Montana,Prepare 3 months bank statements.,Surety Bond
Freight Broker Bond Cost Montana 600 Credit,Montana,600-649,BMC-84 Surety Bond (Distressed),"$6,000 - $11,250",Low (Specialist Required),60 Brokers in Montana,High Rejection Risk. Do not apply with standard carriers.,Surety Bond
Freight Broker Authority with 500 Credit in Montana (Trust Fund Option),Montana,500-599,BMC-85 Trust Fund (Financed),Bond Denied / Trust Fund Required,Guaranteed (Cash Funded),60 Brokers in Montana,2026 FMCSA Update: Cash Assets Only,Trust Fund Finance
Freight Broker Bond Cost Nebraska 750 Credit,Nebraska,750-850,BMC-84 Surety Bond,"$938 - $1,125",Instant Approval,160 Brokers in Nebraska,FMCSA Compliant,Surety Bond
Freight Broker Bond Cost Nebraska 700 Credit,Nebraska,700-749,BMC-84 Surety Bond,"$1,875 - $3,000",High (24hr Review),160 Brokers in Nebraska,FMCSA Compliant,Surety Bond
Freight Broker Bond Cost Nebraska 650 Credit,Nebraska,650-699,BMC-84 Surety Bond (High Risk),"$3,750 - $5,625",Moderate (Manual Underwriting),160 Brokers in Nebraska,Prepare 3 months bank statements.,Surety Bond
Freight Broker Bond Cost Nebraska 600 Credit,Nebraska,600-649,BMC-84 Surety Bond (Distressed),"$6,000 - $11,250",Low (Specialist Required),160 Brokers in Nebraska,High Rejection Risk. Do not apply with standard carriers.,Surety Bond
Freight Broker Authority with 500 Credit in Nebraska (Trust Fund Option),Nebraska,500-599,BMC-85 Trust Fund (Financed),Bond Denied / Trust Fund Required,Guaranteed (Cash Funded),160 Brokers in Nebraska,2026 FMCSA Update: Cash Assets Only,Trust Fund Finance
Freight Broker Bond Cost Nevada 750 Credit,Nevada,750-850,BMC-84 Surety Bond,"$938 - $1,125",Instant Approval,210 Brokers in Nevada,FMCSA Compliant,Surety Bond
Freight Broker Bond Cost Nevada 700 Credit,Nevada,700-749,BMC-84 Surety Bond,"$1,875 - $3,000",High (24hr Review),210 Brokers in Nevada,FMCSA Compliant,Surety Bond
Freight Broker Bond Cost Nevada 650 Credit,Nevada,650-699,BMC-84 Surety Bond (High Risk),"$3,750 - $5,625",Moderate (Manual Underwriting),210 Brokers in Nevada,Prepare 3 months bank statements.,Surety Bond
Freight Broker Bond Cost Nevada 600 Credit,Nevada,600-649,BMC-84 Surety Bond (Distressed),"$6,000 - $11,250",Low (Specialist Required),210 Brokers in Nevada,High Rejection Risk. Do not apply with standard carriers.,Surety Bond
Freight Broker Authority with 500 Credit in Nevada (Trust Fund Option),Nevada,500-599,BMC-85 Trust Fund (Financed),Bond Denied / Trust Fund Required,Guaranteed (Cash Funded),210 Brokers in Nevada,2026 FMCSA Update: Cash Assets Only,Trust Fund Finance
Freight Broker Bond Cost New Hampshire 750 Credit,New Hampshire,750-850,BMC-84 Surety Bond,"$938 - $1,125",Instant Approval,70 Brokers in New Hampshire,FMCSA Compliant,Surety Bond
Freight Broker Bond Cost New Hampshire 700 Credit,New Hampshire,700-749,BMC-84 Surety Bond,"$1,875 - $3,000",High (24hr Review),70 Brokers in New Hampshire,FMCSA Compliant,Surety Bond
Freight Broker Bond Cost New Hampshire 650 Credit,New Hampshire,650-699,BMC-84 Surety Bond (High Risk),"$3,750 - $5,625",Moderate (Manual Underwriting),70 Brokers in New Hampshire,Prepare 3 months bank statements.,Surety Bond
Freight Broker Bond Cost New Hampshire 600 Credit,New Hampshire,600-649,BMC-84 Surety Bond (Distressed),"$6,000 - $11,250",Low (Specialist Required),70 Brokers in New Hampshire,High Rejection Risk. Do not apply with standard carriers.,Surety Bond
Freight Broker Authority with 500 Credit in New Hampshire (Trust Fund Option),New Hampshire,500-599,BMC-85 Trust Fund (Financed),Bond Denied / Trust Fund Required,Guaranteed (Cash Funded),70 Brokers in New Hampshire,2026 FMCSA Update: Cash Assets Only,Trust Fund Finance
Freight Broker Bond Cost New Jersey 750 Credit,New Jersey,750-850,BMC-84 Surety Bond,"$938 - $1,125",Instant Approval,620 Brokers in New Jersey,FMCSA Compliant,Surety Bond
Freight Broker Bond Cost New Jersey 700 Credit,New Jersey,700-749,BMC-84 Surety Bond,"$1,875 - $3,000",High (24hr Review),620 Brokers in New Jersey,FMCSA Compliant,Surety Bond
Freight Broker Bond Cost New Jersey 650 Credit,New Jersey,650-699,BMC-84 Surety Bond (High Risk),"$3,750 - $5,625",Moderate (Manual Underwriting),620 Brokers in New Jersey,Prepare 3 months bank statements.,Surety Bond
Freight Broker Bond Cost New Jersey 600 Credit,New Jersey,600-649,BMC-84 Surety Bond (Distressed),"$6,000 - $11,250",Low (Specialist Required),620 Brokers in New Jersey,High Rejection Risk. Do not apply with standard carriers.,Surety Bond
Freight Broker Authority with 500 Credit in New Jersey (Trust Fund Option),New Jersey,500-599,BMC-85 Trust Fund (Financed),Bond Denied / Trust Fund Required,Guaranteed (Cash Funded),620 Brokers in New Jersey,2026 FMCSA Update: Cash Assets Only,Trust Fund Finance
Freight Broker Bond Cost New Mexico 750 Credit,New Mexico,750-850,BMC-84 Surety Bond,"$938 - $1,125",Instant Approval,140 Brokers in New Mexico,FMCSA Compliant,Surety Bond
Freight Broker Bond Cost New Mexico 700 Credit,New Mexico,700-749,BMC-84 Surety Bond,"$1,875 - $3,000",High (24hr Review),140 Brokers in New Mexico,FMCSA Compliant,Surety Bond
Freight Broker Bond Cost New Mexico 650 Credit,New Mexico,650-699,BMC-84 Surety Bond (High Risk),"$3,750 - $5,625",Moderate (Manual Underwriting),140 Brokers in New Mexico,Prepare 3 months bank statements.,Surety Bond
Freight Broker Bond Cost New Mexico 600 Credit,New Mexico,600-649,BMC-84 Surety Bond (Distressed),"$6,000 - $11,250",Low (Specialist Required),140 Brokers in New Mexico,High Rejection Risk. Do not apply with standard carriers.,Surety Bond
Freight Broker Authority with 500 Credit in New Mexico (Trust Fund Option),New Mexico,500-599,BMC-85 Trust Fund (Financed),Bond Denied / Trust Fund Required,Guaranteed (Cash Funded),140 Brokers in New Mexico,2026 FMCSA Update: Cash Assets Only,Trust Fund Finance
Freight Broker Bond Cost New York 750 Credit,New York,750-850,BMC-84 Surety Bond,"$938 - $1,125",Instant Approval,950 Brokers in New York,FMCSA Compliant,Surety Bond
Freight Broker Bond Cost New York 700 Credit,New York,700-749,BMC-84 Surety Bond,"$1,875 - $3,000",High (24hr Review),950 Brokers in New York,FMCSA Compliant,Surety Bond
Freight Broker Bond Cost New York 650 Credit,New York,650-699,BMC-84 Surety Bond (High Risk),"$3,750 - $5,625",Moderate (Manual Underwriting),950 Brokers in New York,Prepare 3 months bank statements.,Surety Bond
Freight Broker Bond Cost New York 600 Credit,New York,600-649,BMC-84 Surety Bond (Distressed),"$6,000 - $11,250",Low (Specialist Required),950 Brokers in New York,High Rejection Risk. Do not apply with standard carriers.,Surety Bond
Freight Broker Authority with 500 Credit in New York (Trust Fund Option),New York,500-599,BMC-85 Trust Fund (Financed),Bond Denied / Trust Fund Required,Guaranteed (Cash Funded),950 Brokers in New York,2026 FMCSA Update: Cash Assets Only,Trust Fund Finance
Freight Broker Bond Cost North Carolina 750 Credit,North Carolina,750-850,BMC-84 Surety Bond,"$938 - $1,125",Instant Approval,680 Brokers in North Carolina,FMCSA Compliant,Surety Bond
Freight Broker Bond Cost North Carolina 700 Credit,North Carolina,700-749,BMC-84 Surety Bond,"$1,875 - $3,000",High (24hr Review),680 Brokers in North Carolina,FMCSA Compliant,Surety Bond
Freight Broker Bond Cost North Carolina 650 Credit,North Carolina,650-699,BMC-84 Surety Bond (High Risk),"$3,750 - $5,625",Moderate (Manual Underwriting),680 Brokers in North Carolina,Prepare 3 months bank statements.,Surety Bond
Freight Broker Bond Cost North Carolina 600 Credit,North Carolina,600-649,BMC-84 Surety Bond (Distressed),"$6,000 - $11,250",Low (Specialist Required),680 Brokers in North Carolina,High Rejection Risk. Do not apply with standard carriers.,Surety Bond
Freight Broker Authority with 500 Credit in North Carolina (Trust Fund Option),North Carolina,500-599,BMC-85 Trust Fund (Financed),Bond Denied / Trust Fund Required,Guaranteed (Cash Funded),680 Brokers in North Carolina,2026 FMCSA Update: Cash Assets Only,Trust Fund Finance
Freight Broker Bond Cost North Dakota 750 Credit,North Dakota,750-850,BMC-84 Surety Bond,"$938 - $1,125",Instant Approval,40 Brokers in North Dakota,FMCSA Compliant,Surety Bond
Freight Broker Bond Cost North Dakota 700 Credit,North Dakota,700-749,BMC-84 Surety Bond,"$1,875 - $3,000",High (24hr Review),40 Brokers in North Dakota,FMCSA Compliant,Surety Bond
Freight Broker Bond Cost North Dakota 650 Credit,North Dakota,650-699,BMC-84 Surety Bond (High Risk),"$3,750 - $5,625",Moderate (Manual Underwriting),40 Brokers in North Dakota,Prepare 3 months bank statements.,Surety Bond
Freight Broker Bond Cost North Dakota 600 Credit,North Dakota,600-649,BMC-84 Surety Bond (Distressed),"$6,000 - $11,250",Low (Specialist Required),40 Brokers in North Dakota,High Rejection Risk. Do not apply with standard carriers.,Surety Bond
Freight Broker Authority with 500 Credit in North Dakota (Trust Fund Option),North Dakota,500-599,BMC-85 Trust Fund (Financed),Bond Denied / Trust Fund Required,Guaranteed (Cash Funded),40 Brokers in North Dakota,2026 FMCSA Update: Cash Assets Only,Trust Fund Finance
Freight Broker Bond Cost Ohio 750 Credit,Ohio,750-850,BMC-84 Surety Bond,"$938 - $1,125",Instant Approval,"1,100 Brokers in Ohio",FMCSA Compliant,Surety Bond
Freight Broker Bond Cost Ohio 700 Credit,Ohio,700-749,BMC-84 Surety Bond,"$1,875 - $3,000",High (24hr Review),"1,100 Brokers in Ohio",FMCSA Compliant,Surety Bond
Freight Broker Bond Cost Ohio 650 Credit,Ohio,650-699,BMC-84 Surety Bond (High Risk),"$3,750 - $5,625",Moderate (Manual Underwriting),"1,100 Brokers in Ohio",Prepare 3 months bank statements.,Surety Bond
Freight Broker Bond Cost Ohio 600 Credit,Ohio,600-649,BMC-84 Surety Bond (Distressed),"$6,000 - $11,250",Low (Specialist Required),"1,100 Brokers in Ohio",High Rejection Risk. Do not apply with standard carriers.,Surety Bond
Freight Broker Authority with 500 Credit in Ohio (Trust Fund Option),Ohio,500-599,BMC-85 Trust Fund (Financed),Bond Denied / Trust Fund Required,Guaranteed (Cash Funded),"1,100 Brokers in Ohio",2026 FMCSA Update: Cash Assets Only,Trust Fund Finance
Freight Broker Bond Cost Oklahoma 750 Credit,Oklahoma,750-850,BMC-84 Surety Bond,"$938 - $1,125",Instant Approval,290 Brokers in Oklahoma,FMCSA Compliant,Surety Bond
Freight Broker Bond Cost Oklahoma 700 Credit,Oklahoma,700-749,BMC-84 Surety Bond,"$1,875 - $3,000",High (24hr Review),290 Brokers in Oklahoma,FMCSA Compliant,Surety Bond
Freight Broker Bond Cost Oklahoma 650 Credit,Oklahoma,650-699,BMC-84 Surety Bond (High Risk),"$3,750 - $5,625",Moderate (Manual Underwriting),290 Brokers in Oklahoma,Prepare 3 months bank statements.,Surety Bond
Freight Broker Bond Cost Oklahoma 600 Credit,Oklahoma,600-649,BMC-84 Surety Bond (Distressed),"$6,000 - $11,250",Low (Specialist Required),290 Brokers in Oklahoma,High Rejection Risk. Do not apply with standard carriers.,Surety Bond
Freight Broker Authority with 500 Credit in Oklahoma (Trust Fund Option),Oklahoma,500-599,BMC-85 Trust Fund (Financed),Bond Denied / Trust Fund Required,Guaranteed (Cash Funded),290 Brokers in Oklahoma,2026 FMCSA Update: Cash Assets Only,Trust Fund Finance
Freight Broker Bond Cost Oregon 750 Credit,Oregon,750-850,BMC-84 Surety Bond,"$938 - $1,125",Instant Approval,390 Brokers in Oregon,FMCSA Compliant,Surety Bond
Freight Broker Bond Cost Oregon 700 Credit,Oregon,700-749,BMC-84 Surety Bond,"$1,875 - $3,000",High (24hr Review),390 Brokers in Oregon,FMCSA Compliant,Surety Bond
Freight Broker Bond Cost Oregon 650 Credit,Oregon,650-699,BMC-84 Surety Bond (High Risk),"$3,750 - $5,625",Moderate (Manual Underwriting),390 Brokers in Oregon,Prepare 3 months bank statements.,Surety Bond
Freight Broker Bond Cost Oregon 600 Credit,Oregon,600-649,BMC-84 Surety Bond (Distressed),"$6,000 - $11,250",Low (Specialist Required),390 Brokers in Oregon,High Rejection Risk. Do not apply with standard carriers.,Surety Bond
Freight Broker Authority with 500 Credit in Oregon (Trust Fund Option),Oregon,500-599,BMC-85 Trust Fund (Financed),Bond Denied / Trust Fund Required,Guaranteed (Cash Funded),390 Brokers in Oregon,2026 FMCSA Update: Cash Assets Only,Trust Fund Finance
Freight Broker Bond Cost Pennsylvania 750 Credit,Pennsylvania,750-850,BMC-84 Surety Bond,"$938 - $1,125",Instant Approval,890 Brokers in Pennsylvania,FMCSA Compliant,Surety Bond
Freight Broker Bond Cost Pennsylvania 700 Credit,Pennsylvania,700-749,BMC-84 Surety Bond,"$1,875 - $3,000",High (24hr Review),890 Brokers in Pennsylvania,FMCSA Compliant,Surety Bond
Freight Broker Bond Cost Pennsylvania 650 Credit,Pennsylvania,650-699,BMC-84 Surety Bond (High Risk),"$3,750 - $5,625",Moderate (Manual Underwriting),890 Brokers in Pennsylvania,Prepare 3 months bank statements.,Surety Bond
Freight Broker Bond Cost Pennsylvania 600 Credit,Pennsylvania,600-649,BMC-84 Surety Bond (Distressed),"$6,000 - $11,250",Low (Specialist Required),890 Brokers in Pennsylvania,High Rejection Risk. Do not apply with standard carriers.,Surety Bond
Freight Broker Authority with 500 Credit in Pennsylvania (Trust Fund Option),Pennsylvania,500-599,BMC-85 Trust Fund (Financed),Bond Denied / Trust Fund Required,Guaranteed (Cash Funded),890 Brokers in Pennsylvania,2026 FMCSA Update: Cash Assets Only,Trust Fund Finance
Freight Broker Bond Cost Rhode Island 750 Credit,Rhode Island,750-850,BMC-84 Surety Bond,"$938 - $1,125",Instant Approval,80 Brokers in Rhode Island,FMCSA Compliant,Surety Bond
Freight Broker Bond Cost Rhode Island 700 Credit,Rhode Island,700-749,BMC-84 Surety Bond,"$1,875 - $3,000",High (24hr Review),80 Brokers in Rhode Island,FMCSA Compliant,Surety Bond
Freight Broker Bond Cost Rhode Island 650 Credit,Rhode Island,650-699,BMC-84 Surety Bond (High Risk),"$3,750 - $5,625",Moderate (Manual Underwriting),80 Brokers in Rhode Island,Prepare 3 months bank statements.,Surety Bond
Freight Broker Bond Cost Rhode Island 600 Credit,Rhode Island,600-649,BMC-84 Surety Bond (Distressed),"$6,000 - $11,250",Low (Specialist Required),80 Brokers in Rhode Island,High Rejection Risk. Do not apply with standard carriers.,Surety Bond
Freight Broker Authority with 500 Credit in Rhode Island (Trust Fund Option),Rhode Island,500-599,BMC-85 Trust Fund (Financed),Bond Denied / Trust Fund Required,Guaranteed (Cash Funded),80 Brokers in Rhode Island,2026 FMCSA Update: Cash Assets Only,Trust Fund Finance
Freight Broker Bond Cost South Carolina 750 Credit,South Carolina,750-850,BMC-84 Surety Bond,"$938 - $1,125",Instant Approval,350 Brokers in South Carolina,FMCSA Compliant,Surety Bond
Freight Broker Bond Cost South Carolina 700 Credit,South Carolina,700-749,BMC-84 Surety Bond,"$1,875 - $3,000",High (24hr Review),350 Brokers in South Carolina,FMCSA Compliant,Surety Bond
Freight Broker Bond Cost South Carolina 650 Credit,South Carolina,650-699,BMC-84 Surety Bond (High Risk),"$3,750 - $5,625",Moderate (Manual Underwriting),350 Brokers in South Carolina,Prepare 3 months bank statements.,Surety Bond
Freight Broker Bond Cost South Carolina 600 Credit,South Carolina,600-649,BMC-84 Surety Bond (Distressed),"$6,000 - $11,250",Low (Specialist Required),350 Brokers in South Carolina,High Rejection Risk. Do not apply with standard carriers.,Surety Bond
Freight Broker Authority with 500 Credit in South Carolina (Trust Fund Option),South Carolina,500-599,BMC-85 Trust Fund (Financed),Bond Denied / Trust Fund Required,Guaranteed (Cash Funded),350 Brokers in South Carolina,2026 FMCSA Update: Cash Assets Only,Trust Fund Finance
Freight Broker Bond Cost South Dakota 750 Credit,South Dakota,750-850,BMC-84 Surety Bond,"$938 - $1,125",Instant Approval,50 Brokers in South Dakota,FMCSA Compliant,Surety Bond
Freight Broker Bond Cost South Dakota 700 Credit,South Dakota,700-749,BMC-84 Surety Bond,"$1,875 - $3,000",High (24hr Review),50 Brokers in South Dakota,FMCSA Compliant,Surety Bond
Freight Broker Bond Cost South Dakota 650 Credit,South Dakota,650-699,BMC-84 Surety Bond (High Risk),"$3,750 - $5,625",Moderate (Manual Underwriting),50 Brokers in South Dakota,Prepare 3 months bank statements.,Surety Bond
Freight Broker Bond Cost South Dakota 600 Credit,South Dakota,600-649,BMC-84 Surety Bond (Distressed),"$6,000 - $11,250",Low (Specialist Required),50 Brokers in South Dakota,High Rejection Risk. Do not apply with standard carriers.,Surety Bond
Freight Broker Authority with 500 Credit in South Dakota (Trust Fund Option),South Dakota,500-599,BMC-85 Trust Fund (Financed),Bond Denied / Trust Fund Required,Guaranteed (Cash Funded),50 Brokers in South Dakota,2026 FMCSA Update: Cash Assets Only,Trust Fund Finance
Freight Broker Bond Cost Tennessee 750 Credit,Tennessee,750-850,BMC-84 Surety Bond,"$938 - $1,125",Instant Approval,750 Brokers in Tennessee,FMCSA Compliant,Surety Bond
Freight Broker Bond Cost Tennessee 700 Credit,Tennessee,700-749,BMC-84 Surety Bond,"$1,875 - $3,000",High (24hr Review),750 Brokers in Tennessee,FMCSA Compliant,Surety Bond
Freight Broker Bond Cost Tennessee 650 Credit,Tennessee,650-699,BMC-84 Surety Bond (High Risk),"$3,750 - $5,625",Moderate (Manual Underwriting),750 Brokers in Tennessee,Prepare 3 months bank statements.,Surety Bond
Freight Broker Bond Cost Tennessee 600 Credit,Tennessee,600-649,BMC-84 Surety Bond (Distressed),"$6,000 - $11,250",Low (Specialist Required),750 Brokers in Tennessee,High Rejection Risk. Do not apply with standard carriers.,Surety Bond
Freight Broker Authority with 500 Credit in Tennessee (Trust Fund Option),Tennessee,500-599,BMC-85 Trust Fund (Financed),Bond Denied / Trust Fund Required,Guaranteed (Cash Funded),750 Brokers in Tennessee,2026 FMCSA Update: Cash Assets Only,Trust Fund Finance
Freight Broker Bond Cost Texas 750 Credit,Texas,750-850,BMC-84 Surety Bond,"$938 - $1,125",Instant Approval,"2,800 Brokers in Texas",FMCSA Compliant,Surety Bond
Freight Broker Bond Cost Texas 700 Credit,Texas,700-749,BMC-84 Surety Bond,"$1,875 - $3,000",High (24hr Review),"2,800 Brokers in Texas",FMCSA Compliant,Surety Bond
Freight Broker Bond Cost Texas 650 Credit,Texas,650-699,BMC-84 Surety Bond (High Risk),"$3,750 - $5,625",Moderate (Manual Underwriting),"2,800 Brokers in Texas",Prepare 3 months bank statements.,Surety Bond
Freight Broker Bond Cost Texas 600 Credit,Texas,600-649,BMC-84 Surety Bond (Distressed),"$6,000 - $11,250",Low (Specialist Required),"2,800 Brokers in Texas",High Rejection Risk. Do not apply with standard carriers.,Surety Bond
Freight Broker Authority with 500 Credit in Texas (Trust Fund Option),Texas,500-599,BMC-85 Trust Fund (Financed),Bond Denied / Trust Fund Required,Guaranteed (Cash Funded),"2,800 Brokers in Texas",2026 FMCSA Update: Cash Assets Only,Trust Fund Finance
Freight Broker Bond Cost Utah 750 Credit,Utah,750-850,BMC-84 Surety Bond,"$938 - $1,125",Instant Approval,270 Brokers in Utah,FMCSA Compliant,Surety Bond
Freight Broker Bond Cost Utah 700 Credit,Utah,700-749,BMC-84 Surety Bond,"$1,875 - $3,000",High (24hr Review),270 Brokers in Utah,FMCSA Compliant,Surety Bond
Freight Broker Bond Cost Utah 650 Credit,Utah,650-699,BMC-84 Surety Bond (High Risk),"$3,750 - $5,625",Moderate (Manual Underwriting),270 Brokers in Utah,Prepare 3 months bank statements.,Surety Bond
Freight Broker Bond Cost Utah 600 Credit,Utah,600-649,BMC-84 Surety Bond (Distressed),"$6,000 - $11,250",Low (Specialist Required),270 Brokers in Utah,High Rejection Risk. Do not apply with standard carriers.,Surety Bond
Freight Broker Authority with 500 Credit in Utah (Trust Fund Option),Utah,500-599,BMC-85 Trust Fund (Financed),Bond Denied / Trust Fund Required,Guaranteed (Cash Funded),270 Brokers in Utah,2026 FMCSA Update: Cash Assets Only,Trust Fund Finance
Freight Broker Bond Cost Vermont 750 Credit,Vermont,750-850,BMC-84 Surety Bond,"$938 - $1,125",Instant Approval,30 Brokers in Vermont,FMCSA Compliant,Surety Bond
Freight Broker Bond Cost Vermont 700 Credit,Vermont,700-749,BMC-84 Surety Bond,"$1,875 - $3,000",High (24hr Review),30 Brokers in Vermont,FMCSA Compliant,Surety Bond
Freight Broker Bond Cost Vermont 650 Credit,Vermont,650-699,BMC-84 Surety Bond (High Risk),"$3,750 - $5,625",Moderate (Manual Underwriting),30 Brokers in Vermont,Prepare 3 months bank statements.,Surety Bond
Freight Broker Bond Cost Vermont 600 Credit,Vermont,600-649,BMC-84 Surety Bond (Distressed),"$6,000 - $11,250",Low (Specialist Required),30 Brokers in Vermont,High Rejection Risk. Do not apply with standard carriers.,Surety Bond
Freight Broker Authority with 500 Credit in Vermont (Trust Fund Option),Vermont,500-599,BMC-85 Trust Fund (Financed),Bond Denied / Trust Fund Required,Guaranteed (Cash Funded),30 Brokers in Vermont,2026 FMCSA Update: Cash Assets Only,Trust Fund Finance
Freight Broker Bond Cost Virginia 750 Credit,Virginia,750-850,BMC-84 Surety Bond,"$938 - $1,125",Instant Approval,310 Brokers in Virginia,FMCSA Compliant,Surety Bond
Freight Broker Bond Cost Virginia 700 Credit,Virginia,700-749,BMC-84 Surety Bond,"$1,875 - $3,000",High (24hr Review),310 Brokers in Virginia,FMCSA Compliant,Surety Bond
Freight Broker Bond Cost Virginia 650 Credit,Virginia,650-699,BMC-84 Surety Bond (High Risk),"$3,750 - $5,625",Moderate (Manual Underwriting),310 Brokers in Virginia,Prepare 3 months bank statements.,Surety Bond
Freight Broker Bond Cost Virginia 600 Credit,Virginia,600-649,BMC-84 Surety Bond (Distressed),"$6,000 - $11,250",Low (Specialist Required),310 Brokers in Virginia,High Rejection Risk. Do not apply with standard carriers.,Surety Bond
Freight Broker Authority with 500 Credit in Virginia (Trust Fund Option),Virginia,500-599,BMC-85 Trust Fund (Financed),Bond Denied / Trust Fund Required,Guaranteed (Cash Funded),310 Brokers in Virginia,2026 FMCSA Update: Cash Assets Only,Trust Fund Finance
Freight Broker Bond Cost Washington 750 Credit,Washington,750-850,BMC-84 Surety Bond,"$938 - $1,125",Instant Approval,480 Brokers in Washington,FMCSA Compliant,Surety Bond
Freight Broker Bond Cost Washington 700 Credit,Washington,700-749,BMC-84 Surety Bond,"$1,875 - $3,000",High (24hr Review),480 Brokers in Washington,FMCSA Compliant,Surety Bond
Freight Broker Bond Cost Washington 650 Credit,Washington,650-699,BMC-84 Surety Bond (High Risk),"$3,750 - $5,625",Moderate (Manual Underwriting),480 Brokers in Washington,Prepare 3 months bank statements.,Surety Bond
Freight Broker Bond Cost Washington 600 Credit,Washington,600-649,BMC-84 Surety Bond (Distressed),"$6,000 - $11,250",Low (Specialist Required),480 Brokers in Washington,High Rejection Risk. Do not apply with standard carriers.,Surety Bond
Freight Broker Authority with 500 Credit in Washington (Trust Fund Option),Washington,500-599,BMC-85 Trust Fund (Financed),Bond Denied / Trust Fund Required,Guaranteed (Cash Funded),480 Brokers in Washington,2026 FMCSA Update: Cash Assets Only,Trust Fund Finance
Freight Broker Bond Cost West Virginia 750 Credit,West Virginia,750-850,BMC-84 Surety Bond,"$938 - $1,125",Instant Approval,90 Brokers in West Virginia,FMCSA Compliant,Surety Bond
Freight Broker Bond Cost West Virginia 700 Credit,West Virginia,700-749,BMC-84 Surety Bond,"$1,875 - $3,000",High (24hr Review),90 Brokers in West Virginia,FMCSA Compliant,Surety Bond
Freight Broker Bond Cost West Virginia 650 Credit,West Virginia,650-699,BMC-84 Surety Bond (High Risk),"$3,750 - $5,625",Moderate (Manual Underwriting),90 Brokers in West Virginia,Prepare 3 months bank statements.,Surety Bond
Freight Broker Bond Cost West Virginia 600 Credit,West Virginia,600-649,BMC-84 Surety Bond (Distressed),"$6,000 - $11,250",Low (Specialist Required),90 Brokers in West Virginia,High Rejection Risk. Do not apply with standard carriers.,Surety Bond
Freight Broker Authority with 500 Credit in West Virginia (Trust Fund Option),West Virginia,500-599,BMC-85 Trust Fund (Financed),Bond Denied / Trust Fund Required,Guaranteed (Cash Funded),90 Brokers in West Virginia,2026 FMCSA Update: Cash Assets Only,Trust Fund Finance
Freight Broker Bond Cost Wisconsin 750 Credit,Wisconsin,750-850,BMC-84 Surety Bond,"$938 - $1,125",Instant Approval,340 Brokers in Wisconsin,FMCSA Compliant,Surety Bond
Freight Broker Bond Cost Wisconsin 700 Credit,Wisconsin,700-749,BMC-84 Surety Bond,"$1,875 - $3,000",High (24hr Review),340 Brokers in Wisconsin,FMCSA Compliant,Surety Bond
Freight Broker Bond Cost Wisconsin 650 Credit,Wisconsin,650-699,BMC-84 Surety Bond (High Risk),"$3,750 - $5,625",Moderate (Manual Underwriting),340 Brokers in Wisconsin,Prepare 3 months bank statements.,Surety Bond
Freight Broker Bond Cost Wisconsin 600 Credit,Wisconsin,600-649,BMC-84 Surety Bond (Distressed),"$6,000 - $11,250",Low (Specialist Required),340 Brokers in Wisconsin,High Rejection Risk. Do not apply with standard carriers.,Surety Bond
Freight Broker Authority with 500 Credit in Wisconsin (Trust Fund Option),Wisconsin,500-599,BMC-85 Trust Fund (Financed),Bond Denied / Trust Fund Required,Guaranteed (Cash Funded),340 Brokers in Wisconsin,2026 FMCSA Update: Cash Assets Only,Trust Fund Finance
Freight Broker Bond Cost Wyoming 750 Credit,Wyoming,750-850,BMC-84 Surety Bond,"$938 - $1,125",Instant Approval,20 Brokers in Wyoming,FMCSA Compliant,Surety Bond
Freight Broker Bond Cost Wyoming 700 Credit,Wyoming,700-749,BMC-84 Surety Bond,"$1,875 - $3,000",High (24hr Review),20 Brokers in Wyoming,FMCSA Compliant,Surety Bond
Freight Broker Bond Cost Wyoming 650 Credit,Wyoming,650-699,BMC-84 Surety Bond (High Risk),"$3,750 - $5,625",Moderate (Manual Underwriting),20 Brokers in Wyoming,Prepare 3 months bank statements.,Surety Bond
Freight Broker Bond Cost Wyoming 600 Credit,Wyoming,600-649,BMC-84 Surety Bond (Distressed),"$6,000 - $11,250",Low (Specialist Required),20 Brokers in Wyoming,High Rejection Risk. Do not apply with standard carriers.,Surety Bond
Freight Broker Authority with 500 Credit in Wyoming (Trust Fund Option),Wyoming,500-599,BMC-85 Trust Fund (Financed),Bond Denied / Trust Fund Required,Guaranteed (Cash Funded),20 Brokers in Wyoming,2026 FMCSA Update: Cash Assets Only,Trust Fund Finance
